{"cameraMode":{"drawMode":0,"name":"Shaded","section":"Shading Mode"},"sceneLighting":false,"audioPlay":false,"sceneViewState":{"m_AlwaysRefresh":false,"showFog":true,"showSkybox":false,"showFlares":true,"showImageEffects":true,"showParticleSystems":true,"showVisualEffectGraphs":true,"m_FxEnabled":true},"in2DMode":false,"pivot":{"x":1.1920928955078126e-7,"y":0.8503261804580689,"z":-0.06915533542633057},"rotation":{"x":0.0799347534775734,"y":-0.9089876413345337,"z":0.20548349618911744,"w":0.353730171918869},"size":1.4332809448242188,"orthographic":false}