{"cameraMode":{"drawMode":0,"name":"Shaded","section":"Shading Mode"},"sceneLighting":false,"audioPlay":false,"sceneViewState":{"m_AlwaysRefresh":false,"showFog":true,"showSkybox":false,"showFlares":true,"showImageEffects":true,"showParticleSystems":true,"showVisualEffectGraphs":true,"m_FxEnabled":true},"in2DMode":false,"pivot":{"x":-0.06255496293306351,"y":0.9918433427810669,"z":-1.1841576099395753},"rotation":{"x":-0.0014352089492604137,"y":-0.9959306120872498,"z":0.08868221938610077,"w":-0.015824289992451669},"size":1.4275509119033814,"orthographic":false}