{"cameraMode":{"drawMode":0,"name":"Shaded","section":"Shading Mode"},"sceneLighting":false,"audioPlay":false,"sceneViewState":{"m_AlwaysRefresh":false,"showFog":true,"showSkybox":false,"showFlares":true,"showImageEffects":true,"showParticleSystems":true,"showVisualEffectGraphs":true,"m_FxEnabled":true},"in2DMode":false,"pivot":{"x":-0.2585188150405884,"y":1.1419317722320557,"z":-0.8691419363021851},"rotation":{"x":0.010105960071086884,"y":-0.9892061948776245,"z":0.08360190689563751,"w":0.11989236623048783},"size":1.4136841297149659,"orthographic":false}